# This file should contain all the record creation needed to seed the database with its default values.
# The data can then be loaded with the rake db:seed (or created alongside the db with db:setup).
#
# Examples:
#
#   cities = City.create([{ name: 'Chicago' }, { name: 'Copenhagen' }])
#   Mayor.create(name: 'Emanuel', city: cities.first)

Estado.create(estado: "Definida")
Estado.create(estado: "Enviada")
Estado.create(estado: "Recibida")
Estado.create(estado: "Terminada")

Restaurante.create(nombre_restaurante:"Rostipollos", telefono: 22680909, correo_electronico:"rostipollos@ayuda.com", fax: 22890909, tipo_comida_id: 1, señas: "De la iglesia 150mts norte", ubicacion_id: 12, user_id: 1)

Restaurante.create(nombre_restaurante:"La casita", telefono: 23986534, correo_electronico:"laCasita@gmail.com", tipo_comida_id: 2, señas: "De la municipalidad, 550mts al oeste", ubicacion_id: 20, user_id: 2)

Producto.create(nombre_producto: "Casado", precio: 2500, descripcion: "Arroz, frijoles, ensalada y carne", tipo_producto_id: 3, restaurante_id: 1)

Producto.create(nombre_producto: "5 Piezas de pollo", precio: 3500, descripcion: "Crispy", tipo_producto_id: 3, restaurante_id: 1)



TipoComida.create(tipo_comida: "Mexicana")
TipoComida.create(tipo_comida: "Cubana")
TipoComida.create(tipo_comida: "Tipica")
TipoComida.create(tipo_comida: "Pizzeria")

TipoProducto.create(tipo_producto: "Bebida")
TipoProducto.create(tipo_producto: "Postre")
TipoProducto.create(tipo_producto: "Almuerzo")
TipoProducto.create(tipo_producto: "Entrada")
TipoProducto.create(tipo_producto: "Desayuno")  

Ubicacion.create(provincia:"San José", canton:"San José", distrito:"San José")
Ubicacion.create(provincia:"San José", canton:"San José", distrito:"Carmen")
Ubicacion.create(provincia:"San José", canton:"San José", distrito:"Merced")
Ubicacion.create(provincia:"San José", canton:"San José", distrito:"Hospital")
Ubicacion.create(provincia:"San José", canton:"San José", distrito:"Catedral")
Ubicacion.create(provincia:"San José", canton:"San José", distrito:"Zapote")
Ubicacion.create(provincia:"San José", canton:"San José", distrito:"San Francisco De Dos Ríos")
Ubicacion.create(provincia:"San José", canton:"San José", distrito:"Uruca")
Ubicacion.create(provincia:"San José", canton:"San José", distrito:"Mata Redonda")
Ubicacion.create(provincia:"San José", canton:"San José", distrito:"Pavas")
Ubicacion.create(provincia:"San José", canton:"San José", distrito:"Hatillo")
Ubicacion.create(provincia:"San José", canton:"San José", distrito:"San Sebastián")

Ubicacion.create(provincia:"San José", canton:"Escazú", distrito:"Escazú")
Ubicacion.create(provincia:"San José", canton:"Escazú", distrito:"San Antonio")
Ubicacion.create(provincia:"San José", canton:"Escazú", distrito:"San Rafael")

Ubicacion.create(provincia:"San José", canton:"Desamparados", distrito:"Desamparados")
Ubicacion.create(provincia:"San José", canton:"Desamparados", distrito:"San Miguel")
Ubicacion.create(provincia:"San José", canton:"Desamparados", distrito:"San Juan De Dios")
Ubicacion.create(provincia:"San José", canton:"Desamparados", distrito:"San Rafael Arriba")
Ubicacion.create(provincia:"San José", canton:"Desamparados", distrito:"San Antonio")
Ubicacion.create(provincia:"San José", canton:"Desamparados", distrito:"Frailes")
Ubicacion.create(provincia:"San José", canton:"Desamparados", distrito:"Patarrá")
Ubicacion.create(provincia:"San José", canton:"Desamparados", distrito:"San Cristóbal")
Ubicacion.create(provincia:"San José", canton:"Desamparados", distrito:"Rosario")
Ubicacion.create(provincia:"San José", canton:"Desamparados", distrito:"Damas")
Ubicacion.create(provincia:"San José", canton:"Desamparados", distrito:"San Rafael Abajo")
Ubicacion.create(provincia:"San José", canton:"Desamparados", distrito:"Gravilias")
Ubicacion.create(provincia:"San José", canton:"Desamparados", distrito:"Los Guido")

Ubicacion.create(provincia:"San José", canton:"Puriscal", distrito:"Santiago")
Ubicacion.create(provincia:"San José", canton:"Puriscal", distrito:"Mercedes Sur")
Ubicacion.create(provincia:"San José", canton:"Puriscal", distrito:"Barbacoas")
Ubicacion.create(provincia:"San José", canton:"Puriscal", distrito:"Grifo Alto")
Ubicacion.create(provincia:"San José", canton:"Puriscal", distrito:"San Rafael")
Ubicacion.create(provincia:"San José", canton:"Puriscal", distrito:"Candelarita")
Ubicacion.create(provincia:"San José", canton:"Puriscal", distrito:"Desamparaditos")
Ubicacion.create(provincia:"San José", canton:"Puriscal", distrito:"San Antonio")
Ubicacion.create(provincia:"San José", canton:"Puriscal", distrito:"Chires")

Ubicacion.create(provincia:"San José", canton:" Tarrazú", distrito:"San Marcos")
Ubicacion.create(provincia:"San José", canton:" Tarrazú", distrito:"San Lorenzo")
Ubicacion.create(provincia:"San José", canton:" Tarrazú", distrito:"San Carlos")

Ubicacion.create(provincia:"San José", canton:"Aserrí", distrito:"Aserrí")
Ubicacion.create(provincia:"San José", canton:"Aserrí", distrito:"Tarbaca")
Ubicacion.create(provincia:"San José", canton:"Aserrí", distrito:"Vuelta De Jorco")
Ubicacion.create(provincia:"San José", canton:"Aserrí", distrito:"San Gabriel")
Ubicacion.create(provincia:"San José", canton:"Aserrí", distrito:"Legua")
Ubicacion.create(provincia:"San José", canton:"Aserrí", distrito:"Monterrey")
Ubicacion.create(provincia:"San José", canton:"Aserrí", distrito:"Salitrillos")

Ubicacion.create(provincia:"San José", canton:"Mora", distrito:"Colón")
Ubicacion.create(provincia:"San José", canton:"Mora", distrito:"Guayabo")
Ubicacion.create(provincia:"San José", canton:"Mora", distrito:"Tabarcia")
Ubicacion.create(provincia:"San José", canton:"Mora", distrito:"Piedras Negras")
Ubicacion.create(provincia:"San José", canton:"Mora", distrito:"Picagres")
Ubicacion.create(provincia:"San José", canton:"Mora", distrito:"Jaris")

Ubicacion.create(provincia:"San José", canton:"Goicoechea", distrito:"Guadalupe")
Ubicacion.create(provincia:"San José", canton:"Goicoechea", distrito:"San Francisco")
Ubicacion.create(provincia:"San José", canton:"Goicoechea", distrito:"Calle Blancos")
Ubicacion.create(provincia:"San José", canton:"Goicoechea", distrito:"Mata De Plátano")
Ubicacion.create(provincia:"San José", canton:"Goicoechea", distrito:"Ipís")
Ubicacion.create(provincia:"San José", canton:"Goicoechea", distrito:"Rancho Redondo")
Ubicacion.create(provincia:"San José", canton:"Goicoechea", distrito:"Purral")

Ubicacion.create(provincia:"San José", canton:"Santa Ana", distrito:"Santa Ana")
Ubicacion.create(provincia:"San José", canton:"Santa Ana", distrito:"Salitral")
Ubicacion.create(provincia:"San José", canton:"Santa Ana", distrito:"Pozos")
Ubicacion.create(provincia:"San José", canton:"Santa Ana", distrito:"Uruca")
Ubicacion.create(provincia:"San José", canton:"Santa Ana", distrito:"Piedades")
Ubicacion.create(provincia:"San José", canton:"Santa Ana", distrito:"Brasil")

Ubicacion.create(provincia:"San José", canton:"Alajuelita", distrito:"Alajuelita")
Ubicacion.create(provincia:"San José", canton:"Alajuelita", distrito:"San Josécito")
Ubicacion.create(provincia:"San José", canton:"Alajuelita", distrito:"San Antonio")
Ubicacion.create(provincia:"San José", canton:"Alajuelita", distrito:"Concepción")
Ubicacion.create(provincia:"San José", canton:"Alajuelita", distrito:"San Felipe")

Ubicacion.create(provincia:"San José", canton:"Vázquez De Coronado", distrito:"San Isidro")
Ubicacion.create(provincia:"San José", canton:"Vázquez De Coronado", distrito:"San Rafael")
Ubicacion.create(provincia:"San José", canton:"Vázquez De Coronado", distrito:"Dulce Nombre De Jesús")
Ubicacion.create(provincia:"San José", canton:"Vázquez De Coronado", distrito:"Patalillo")
Ubicacion.create(provincia:"San José", canton:"Vázquez De Coronado", distrito:"Cascajal")

Ubicacion.create(provincia:"San José", canton:"Acosta", distrito:"San Ignacio")
Ubicacion.create(provincia:"San José", canton:"Acosta", distrito:"Guaitil")
Ubicacion.create(provincia:"San José", canton:"Acosta", distrito:"Palmichal")
Ubicacion.create(provincia:"San José", canton:"Acosta", distrito:"Cangrejal")
Ubicacion.create(provincia:"San José", canton:"Acosta", distrito:"Sabanillas")

Ubicacion.create(provincia:"San José", canton:"Tibás", distrito:"San Juan")
Ubicacion.create(provincia:"San José", canton:"Tibás", distrito:"Cinco Esquinas")
Ubicacion.create(provincia:"San José", canton:"Tibás", distrito:"Anselmo Llorente")
Ubicacion.create(provincia:"San José", canton:"Tibás", distrito:"León Xiii")
Ubicacion.create(provincia:"San José", canton:"Tibás", distrito:"Colima")

Ubicacion.create(provincia:"San José", canton:"Moravia", distrito:"San Vicente")
Ubicacion.create(provincia:"San José", canton:"Moravia", distrito:"San Jerónimo")
Ubicacion.create(provincia:"San José", canton:"Moravia", distrito:"La Trinidad")

Ubicacion.create(provincia:"San José", canton:"Montes De Oca", distrito:"San Pedro")
Ubicacion.create(provincia:"San José", canton:"Montes De Oca", distrito:"Sabanilla")
Ubicacion.create(provincia:"San José", canton:"Montes De Oca", distrito:"Mercedes")
Ubicacion.create(provincia:"San José", canton:"Montes De Oca", distrito:"San Rafael")

Ubicacion.create(provincia:"San José", canton:"Turrubares", distrito:"San Pablo")
Ubicacion.create(provincia:"San José", canton:"Turrubares", distrito:"San Pedro")
Ubicacion.create(provincia:"San José", canton:"Turrubares", distrito:"San Juan De Mata")
Ubicacion.create(provincia:"San José", canton:"Turrubares", distrito:"San Luis")
Ubicacion.create(provincia:"San José", canton:"Turrubares", distrito:"Carara")

Ubicacion.create(provincia:"San José", canton:"Dota", distrito:"Santa María")
Ubicacion.create(provincia:"San José", canton:"Dota", distrito:"Jardín")
Ubicacion.create(provincia:"San José", canton:"Dota", distrito:"Copey")

Ubicacion.create(provincia:"San José", canton:"Curridabat", distrito:"Curridabat")
Ubicacion.create(provincia:"San José", canton:"Curridabat", distrito:"Granadilla")
Ubicacion.create(provincia:"San José", canton:"Curridabat", distrito:"Sánchez")
Ubicacion.create(provincia:"San José", canton:"Curridabat", distrito:"Tirrases")

Ubicacion.create(provincia:"San José", canton:"Pérez Zeledón", distrito:"San Isidro De El General")
Ubicacion.create(provincia:"San José", canton:"Pérez Zeledón", distrito:"El General")
Ubicacion.create(provincia:"San José", canton:"Pérez Zeledón", distrito:"Daniel Flores")
Ubicacion.create(provincia:"San José", canton:"Pérez Zeledón", distrito:"Rivas")
Ubicacion.create(provincia:"San José", canton:"Pérez Zeledón", distrito:"San Pedro")
Ubicacion.create(provincia:"San José", canton:"Pérez Zeledón", distrito:"Platanares")
Ubicacion.create(provincia:"San José", canton:"Pérez Zeledón", distrito:"Pejibaye")
Ubicacion.create(provincia:"San José", canton:"Pérez Zeledón", distrito:"Cajón")
Ubicacion.create(provincia:"San José", canton:"Pérez Zeledón", distrito:"Barú")
Ubicacion.create(provincia:"San José", canton:"Pérez Zeledón", distrito:"Río Nuevo")
Ubicacion.create(provincia:"San José", canton:"Pérez Zeledón", distrito:"Páramo")

Ubicacion.create(provincia:"San José", canton:"León Cortés", distrito:"San Pablo")
Ubicacion.create(provincia:"San José", canton:"León Cortés", distrito:"San Andrés")
Ubicacion.create(provincia:"San José", canton:"León Cortés", distrito:"Llano Bonito")
Ubicacion.create(provincia:"San José", canton:"León Cortés", distrito:"San Isidro")
Ubicacion.create(provincia:"San José", canton:"León Cortés", distrito:"Santa Cruz")
Ubicacion.create(provincia:"San José", canton:"León Cortés", distrito:"San Antonio")

Ubicacion.create(provincia:"Alajuela", canton:"Alajuela", distrito:"Alajuela")
Ubicacion.create(provincia:"Alajuela", canton:"Alajuela", distrito:"San José")
Ubicacion.create(provincia:"Alajuela", canton:"Alajuela", distrito:"Carrizal")
Ubicacion.create(provincia:"Alajuela", canton:"Alajuela", distrito:"San Antonio")
Ubicacion.create(provincia:"Alajuela", canton:"Alajuela", distrito:"Guácima")
Ubicacion.create(provincia:"Alajuela", canton:"Alajuela", distrito:"San Isidro")
Ubicacion.create(provincia:"Alajuela", canton:"Alajuela", distrito:"Sabanilla")
Ubicacion.create(provincia:"Alajuela", canton:"Alajuela", distrito:"San Rafael")
Ubicacion.create(provincia:"Alajuela", canton:"Alajuela", distrito:"Río Segundo")
Ubicacion.create(provincia:"Alajuela", canton:"Alajuela", distrito:"Desamparados")
Ubicacion.create(provincia:"Alajuela", canton:"Alajuela", distrito:"Turrúcares")
Ubicacion.create(provincia:"Alajuela", canton:"Alajuela", distrito:"Tambor")
Ubicacion.create(provincia:"Alajuela", canton:"Alajuela", distrito:"Garita")
Ubicacion.create(provincia:"Alajuela", canton:"Alajuela", distrito:"Sarapiquí")

Ubicacion.create(provincia:"Alajuela", canton:" San Ramón", distrito:"San Ramón")
Ubicacion.create(provincia:"Alajuela", canton:" San Ramón", distrito:"Santiago")
Ubicacion.create(provincia:"Alajuela", canton:" San Ramón", distrito:"San Juan")
Ubicacion.create(provincia:"Alajuela", canton:" San Ramón", distrito:"Piedades Norte")
Ubicacion.create(provincia:"Alajuela", canton:" San Ramón", distrito:"Piedades Sur")
Ubicacion.create(provincia:"Alajuela", canton:" San Ramón", distrito:"San Rafael")
Ubicacion.create(provincia:"Alajuela", canton:" San Ramón", distrito:"San Isidro")
Ubicacion.create(provincia:"Alajuela", canton:" San Ramón", distrito:"Ángeles")
Ubicacion.create(provincia:"Alajuela", canton:" San Ramón", distrito:"Alfaro")
Ubicacion.create(provincia:"Alajuela", canton:" San Ramón", distrito:"Volio")
Ubicacion.create(provincia:"Alajuela", canton:" San Ramón", distrito:"Concepción")
Ubicacion.create(provincia:"Alajuela", canton:" San Ramón", distrito:"Zapotal")
Ubicacion.create(provincia:"Alajuela", canton:" San Ramón", distrito:"Peñas Blancas")

Ubicacion.create(provincia:"Alajuela", canton:"Grecia", distrito:"Grecia")
Ubicacion.create(provincia:"Alajuela", canton:"Grecia", distrito:"San Isidro")
Ubicacion.create(provincia:"Alajuela", canton:"Grecia", distrito:"San José")
Ubicacion.create(provincia:"Alajuela", canton:"Grecia", distrito:"San Roque")
Ubicacion.create(provincia:"Alajuela", canton:"Grecia", distrito:"Tacares")
Ubicacion.create(provincia:"Alajuela", canton:"Grecia", distrito:"Río Cuarto")
Ubicacion.create(provincia:"Alajuela", canton:"Grecia", distrito:"Puente De Piedra")
Ubicacion.create(provincia:"Alajuela", canton:"Grecia", distrito:"Bolívar")

Ubicacion.create(provincia:"Alajuela", canton:" San Mateo", distrito:"San Mateo")
Ubicacion.create(provincia:"Alajuela", canton:" San Mateo", distrito:"Desmonte")
Ubicacion.create(provincia:"Alajuela", canton:" San Mateo", distrito:"Jesús María")
Ubicacion.create(provincia:"Alajuela", canton:" San Mateo", distrito:"Labrador")

Ubicacion.create(provincia:"Alajuela", canton:"Atenas", distrito:"Atenas")
Ubicacion.create(provincia:"Alajuela", canton:"Atenas", distrito:"Jesús")
Ubicacion.create(provincia:"Alajuela", canton:"Atenas", distrito:"Mercedes")
Ubicacion.create(provincia:"Alajuela", canton:"Atenas", distrito:"San Isidro")
Ubicacion.create(provincia:"Alajuela", canton:"Atenas", distrito:"Concepción")
Ubicacion.create(provincia:"Alajuela", canton:"Atenas", distrito:"San José")
Ubicacion.create(provincia:"Alajuela", canton:"Atenas", distrito:"Santa Eulalia")
Ubicacion.create(provincia:"Alajuela", canton:"Atenas", distrito:"Escobal")

Ubicacion.create(provincia:"Alajuela", canton:"Naranjo", distrito:"Naranjo")
Ubicacion.create(provincia:"Alajuela", canton:"Naranjo", distrito:"San Miguel")
Ubicacion.create(provincia:"Alajuela", canton:"Naranjo", distrito:"San José")
Ubicacion.create(provincia:"Alajuela", canton:"Naranjo", distrito:"Cirrí Sur")
Ubicacion.create(provincia:"Alajuela", canton:"Naranjo", distrito:"San Jerónimo")
Ubicacion.create(provincia:"Alajuela", canton:"Naranjo", distrito:"San Juan")
Ubicacion.create(provincia:"Alajuela", canton:"Naranjo", distrito:"El Rosario")
Ubicacion.create(provincia:"Alajuela", canton:"Naranjo", distrito:"Palmitos")

Ubicacion.create(provincia:"Alajuela", canton:"Palmares", distrito:"Palmares")
Ubicacion.create(provincia:"Alajuela", canton:"Palmares", distrito:"Zaragoza")
Ubicacion.create(provincia:"Alajuela", canton:"Palmares", distrito:"Buenos Aires")
Ubicacion.create(provincia:"Alajuela", canton:"Palmares", distrito:"Santiago")
Ubicacion.create(provincia:"Alajuela", canton:"Palmares", distrito:"Candelaria")
Ubicacion.create(provincia:"Alajuela", canton:"Palmares", distrito:"Esquipulas")
Ubicacion.create(provincia:"Alajuela", canton:"Palmares", distrito:"La Granja")

Ubicacion.create(provincia:"Alajuela", canton:"Poás", distrito:"San Pedro")
Ubicacion.create(provincia:"Alajuela", canton:"Poás", distrito:"San Juan")
Ubicacion.create(provincia:"Alajuela", canton:"Poás", distrito:"San Rafael")
Ubicacion.create(provincia:"Alajuela", canton:"Poás", distrito:"Carrillos")
Ubicacion.create(provincia:"Alajuela", canton:"Poás", distrito:"Sabana Redonda")

Ubicacion.create(provincia:"Alajuela", canton:"Orotina", distrito:"Orotina")
Ubicacion.create(provincia:"Alajuela", canton:"Orotina", distrito:"El Mastate")
Ubicacion.create(provincia:"Alajuela", canton:"Orotina", distrito:"Hacienda Vieja")
Ubicacion.create(provincia:"Alajuela", canton:"Orotina", distrito:"Coyolar")
Ubicacion.create(provincia:"Alajuela", canton:"Orotina", distrito:"La Ceiba")

Ubicacion.create(provincia:"Alajuela", canton:"San Carlos", distrito:"Quesada")
Ubicacion.create(provincia:"Alajuela", canton:"San Carlos", distrito:"Florencia")
Ubicacion.create(provincia:"Alajuela", canton:"San Carlos", distrito:"Buenavista")
Ubicacion.create(provincia:"Alajuela", canton:"San Carlos", distrito:"Aguas Zarcas")
Ubicacion.create(provincia:"Alajuela", canton:"San Carlos", distrito:"Venecia")
Ubicacion.create(provincia:"Alajuela", canton:"San Carlos", distrito:"Pital")
Ubicacion.create(provincia:"Alajuela", canton:"San Carlos", distrito:"La Fortuna")
Ubicacion.create(provincia:"Alajuela", canton:"San Carlos", distrito:"La Tigra")
Ubicacion.create(provincia:"Alajuela", canton:"San Carlos", distrito:"La Palmera")
Ubicacion.create(provincia:"Alajuela", canton:"San Carlos", distrito:"Venado")
Ubicacion.create(provincia:"Alajuela", canton:"San Carlos", distrito:"Cutris")
Ubicacion.create(provincia:"Alajuela", canton:"San Carlos", distrito:"Monterrey")
Ubicacion.create(provincia:"Alajuela", canton:"San Carlos", distrito:"Pocosol")

Ubicacion.create(provincia:"Alajuela", canton:"Zarcero", distrito:"Zarcero")
Ubicacion.create(provincia:"Alajuela", canton:"Zarcero", distrito:"Laguna")
Ubicacion.create(provincia:"Alajuela", canton:"Zarcero", distrito:"Tapesco")
Ubicacion.create(provincia:"Alajuela", canton:"Zarcero", distrito:"Guadalupe")
Ubicacion.create(provincia:"Alajuela", canton:"Zarcero", distrito:"Palmira")
Ubicacion.create(provincia:"Alajuela", canton:"Zarcero", distrito:"Zapote")
Ubicacion.create(provincia:"Alajuela", canton:"Zarcero", distrito:"Brisas")

Ubicacion.create(provincia:"Alajuela", canton:"Valverde Vega", distrito:"Sarchí Norte")
Ubicacion.create(provincia:"Alajuela", canton:"Valverde Vega", distrito:"Sarchí Sur")
Ubicacion.create(provincia:"Alajuela", canton:"Valverde Vega", distrito:"Toro Amarillo")
Ubicacion.create(provincia:"Alajuela", canton:"Valverde Vega", distrito:"San Pedro")
Ubicacion.create(provincia:"Alajuela", canton:"Valverde Vega", distrito:"Rodríguez")

Ubicacion.create(provincia:"Alajuela", canton:"Upala", distrito:"Upala")
Ubicacion.create(provincia:"Alajuela", canton:"Upala", distrito:"Aguas Claras")
Ubicacion.create(provincia:"Alajuela", canton:"Upala", distrito:"San José (pizote)")
Ubicacion.create(provincia:"Alajuela", canton:"Upala", distrito:"Bijagua")
Ubicacion.create(provincia:"Alajuela", canton:"Upala", distrito:"Delicias")
Ubicacion.create(provincia:"Alajuela", canton:"Upala", distrito:"Dos Ríos")
Ubicacion.create(provincia:"Alajuela", canton:"Upala", distrito:"Yolillal")
Ubicacion.create(provincia:"Alajuela", canton:"Upala", distrito:"Canalete")

Ubicacion.create(provincia:"Alajuela", canton:"Los Chiles", distrito:"Los Chiles")
Ubicacion.create(provincia:"Alajuela", canton:"Los Chiles", distrito:"Caño Negro")
Ubicacion.create(provincia:"Alajuela", canton:"Los Chiles", distrito:"El Amparo")
Ubicacion.create(provincia:"Alajuela", canton:"Los Chiles", distrito:"San Jorge")

Ubicacion.create(provincia:"Alajuela", canton:"Guatuso", distrito:"San Rafael")
Ubicacion.create(provincia:"Alajuela", canton:"Guatuso", distrito:"Buenavista")
Ubicacion.create(provincia:"Alajuela", canton:"Guatuso", distrito:"Cote")
Ubicacion.create(provincia:"Alajuela", canton:"Guatuso", distrito:"Katira")

Ubicacion.create(provincia:"Cartago", canton:"Cartago", distrito:"Oriental")
Ubicacion.create(provincia:"Cartago", canton:"Cartago", distrito:"Occidental")
Ubicacion.create(provincia:"Cartago", canton:"Cartago", distrito:"Carmen")
Ubicacion.create(provincia:"Cartago", canton:"Cartago", distrito:"San Nicolás")
Ubicacion.create(provincia:"Cartago", canton:"Cartago", distrito:"Aguacaliente O San Francisco")
Ubicacion.create(provincia:"Cartago", canton:"Cartago", distrito:"Guadalupe O Arenilla")
Ubicacion.create(provincia:"Cartago", canton:"Cartago", distrito:"Corralillo")
Ubicacion.create(provincia:"Cartago", canton:"Cartago", distrito:"Tierra Blanca")
Ubicacion.create(provincia:"Cartago", canton:"Cartago", distrito:"Dulce Nombre")
Ubicacion.create(provincia:"Cartago", canton:"Cartago", distrito:"Llano Grande")
Ubicacion.create(provincia:"Cartago", canton:"Cartago", distrito:"Quebradilla")

Ubicacion.create(provincia:"Cartago", canton:"Paraíso", distrito:"Paraíso")
Ubicacion.create(provincia:"Cartago", canton:"Paraíso", distrito:"Santiago")
Ubicacion.create(provincia:"Cartago", canton:"Paraíso", distrito:"Orosi")
Ubicacion.create(provincia:"Cartago", canton:"Paraíso", distrito:"Cachí")
Ubicacion.create(provincia:"Cartago", canton:"Paraíso", distrito:"Llanos De Santa Lucía")

Ubicacion.create(provincia:"Cartago", canton:"La Unión", distrito:"Tres Ríos")
Ubicacion.create(provincia:"Cartago", canton:"La Unión", distrito:"San Diego")
Ubicacion.create(provincia:"Cartago", canton:"La Unión", distrito:"San Juan")
Ubicacion.create(provincia:"Cartago", canton:"La Unión", distrito:"San Rafael")
Ubicacion.create(provincia:"Cartago", canton:"La Unión", distrito:"Concepción")
Ubicacion.create(provincia:"Cartago", canton:"La Unión", distrito:"Dulce Nombre")
Ubicacion.create(provincia:"Cartago", canton:"La Unión", distrito:"San Ramón")
Ubicacion.create(provincia:"Cartago", canton:"La Unión", distrito:"Río Azul")

Ubicacion.create(provincia:"Cartago", canton:"Jiménez", distrito:"Juan Viñas")
Ubicacion.create(provincia:"Cartago", canton:"Jiménez", distrito:"Tucurrique")
Ubicacion.create(provincia:"Cartago", canton:"Jiménez", distrito:"Pejibaye")

Ubicacion.create(provincia:"Cartago", canton:"Turrialba", distrito:"Turrialba")
Ubicacion.create(provincia:"Cartago", canton:"Turrialba", distrito:"La Suiza")
Ubicacion.create(provincia:"Cartago", canton:"Turrialba", distrito:"Peralta")
Ubicacion.create(provincia:"Cartago", canton:"Turrialba", distrito:"Santa Cruz")
Ubicacion.create(provincia:"Cartago", canton:"Turrialba", distrito:"Santa Teresita")
Ubicacion.create(provincia:"Cartago", canton:"Turrialba", distrito:"Pavones")
Ubicacion.create(provincia:"Cartago", canton:"Turrialba", distrito:"Tuis")
Ubicacion.create(provincia:"Cartago", canton:"Turrialba", distrito:"Tayutic")
Ubicacion.create(provincia:"Cartago", canton:"Turrialba", distrito:"Santa Rosa")
Ubicacion.create(provincia:"Cartago", canton:"Turrialba", distrito:"Tres Equis")
Ubicacion.create(provincia:"Cartago", canton:"Turrialba", distrito:"La Isabel")
Ubicacion.create(provincia:"Cartago", canton:"Turrialba", distrito:"Chirripó")

Ubicacion.create(provincia:"Cartago", canton:"Alvarado", distrito:"Pacayas")
Ubicacion.create(provincia:"Cartago", canton:"Alvarado", distrito:"Cervantes")
Ubicacion.create(provincia:"Cartago", canton:"Alvarado", distrito:"Capellades")

Ubicacion.create(provincia:"Cartago", canton:"Oreamuno", distrito:"San Rafael")
Ubicacion.create(provincia:"Cartago", canton:"Oreamuno", distrito:"Cot")
Ubicacion.create(provincia:"Cartago", canton:"Oreamuno", distrito:"Potrero Cerrado")
Ubicacion.create(provincia:"Cartago", canton:"Oreamuno", distrito:"Cipreses")
Ubicacion.create(provincia:"Cartago", canton:"Oreamuno", distrito:"Santa Rosa")

Ubicacion.create(provincia:"Cartago", canton:"El Guarco", distrito:"El Tejar")
Ubicacion.create(provincia:"Cartago", canton:"El Guarco", distrito:"San Isidro")
Ubicacion.create(provincia:"Cartago", canton:"El Guarco", distrito:"Tobosi")
Ubicacion.create(provincia:"Cartago", canton:"El Guarco", distrito:"Patio De Agua")

Ubicacion.create(provincia:"Heredia", canton:"Heredia", distrito:"Heredia")
Ubicacion.create(provincia:"Heredia", canton:"Heredia", distrito:"Mercedes")
Ubicacion.create(provincia:"Heredia", canton:"Heredia", distrito:"San Francisco")
Ubicacion.create(provincia:"Heredia", canton:"Heredia", distrito:"Ulloa")
Ubicacion.create(provincia:"Heredia", canton:"Heredia", distrito:"Varablanca")

Ubicacion.create(provincia:"Heredia", canton:"Barva", distrito:"Barva")
Ubicacion.create(provincia:"Heredia", canton:"Barva", distrito:"San Pedro")
Ubicacion.create(provincia:"Heredia", canton:"Barva", distrito:"San Pablo")
Ubicacion.create(provincia:"Heredia", canton:"Barva", distrito:"San Roque")
Ubicacion.create(provincia:"Heredia", canton:"Barva", distrito:"Santa Lucia")
Ubicacion.create(provincia:"Heredia", canton:"Barva", distrito:"San José De La Montaña")

Ubicacion.create(provincia:"Heredia", canton:"Santo Domingo", distrito:"Santo Domingo")
Ubicacion.create(provincia:"Heredia", canton:"Santo Domingo", distrito:"San Vicente")
Ubicacion.create(provincia:"Heredia", canton:"Santo Domingo", distrito:"San Miguel")
Ubicacion.create(provincia:"Heredia", canton:"Santo Domingo", distrito:"Paracito")
Ubicacion.create(provincia:"Heredia", canton:"Santo Domingo", distrito:"Santo Tomás")
Ubicacion.create(provincia:"Heredia", canton:"Santo Domingo", distrito:"Santa Rosa")
Ubicacion.create(provincia:"Heredia", canton:"Santo Domingo", distrito:"Tures")
Ubicacion.create(provincia:"Heredia", canton:"Santo Domingo", distrito:"Pará")

Ubicacion.create(provincia:"Heredia", canton:"Santa Bárbara", distrito:"Santa Bárbara")
Ubicacion.create(provincia:"Heredia", canton:"Santa Bárbara", distrito:"San Pedro")
Ubicacion.create(provincia:"Heredia", canton:"Santa Bárbara", distrito:"San Juan")
Ubicacion.create(provincia:"Heredia", canton:"Santa Bárbara", distrito:"Jesús")
Ubicacion.create(provincia:"Heredia", canton:"Santa Bárbara", distrito:"Santo Domingo")
Ubicacion.create(provincia:"Heredia", canton:"Santa Bárbara", distrito:"Purabá")

Ubicacion.create(provincia:"Heredia", canton:"San Rafael", distrito:"San Rafael")
Ubicacion.create(provincia:"Heredia", canton:"San Rafael", distrito:"San Josecito")
Ubicacion.create(provincia:"Heredia", canton:"San Rafael", distrito:"Santiago")
Ubicacion.create(provincia:"Heredia", canton:"San Rafael", distrito:"Los Ángeles")
Ubicacion.create(provincia:"Heredia", canton:"San Rafael", distrito:"Concepción")

Ubicacion.create(provincia:"Heredia", canton:"San Isidro", distrito:"San Isidro")
Ubicacion.create(provincia:"Heredia", canton:"San Isidro", distrito:"San José")
Ubicacion.create(provincia:"Heredia", canton:"San Isidro", distrito:"Concepción")
Ubicacion.create(provincia:"Heredia", canton:"San Isidro", distrito:"San Francisco")

Ubicacion.create(provincia:"Heredia", canton:"Belén", distrito:"San Antonio")
Ubicacion.create(provincia:"Heredia", canton:"Belén", distrito:"La Ribera")
Ubicacion.create(provincia:"Heredia", canton:"Belén", distrito:"La Asunción")

Ubicacion.create(provincia:"Heredia", canton:"Flores", distrito:"San Joaquín")
Ubicacion.create(provincia:"Heredia", canton:"Flores", distrito:"Barrantes")
Ubicacion.create(provincia:"Heredia", canton:"Flores", distrito:"Llorente")

Ubicacion.create(provincia:"Heredia", canton:"San Pablo", distrito:"Paracito")
Ubicacion.create(provincia:"Heredia", canton:"San Pablo", distrito:"Rincón De Sabanilla")

Ubicacion.create(provincia:"Heredia", canton:"Sarapiquí", distrito:"Puerto Viejo")
Ubicacion.create(provincia:"Heredia", canton:"Sarapiquí", distrito:"La Virgen")
Ubicacion.create(provincia:"Heredia", canton:"Sarapiquí", distrito:"Horquetas")
Ubicacion.create(provincia:"Heredia", canton:"Sarapiquí", distrito:"Llanuras Del Gaspar")
Ubicacion.create(provincia:"Heredia", canton:"Sarapiquí", distrito:"Cureña")

Ubicacion.create(provincia:"Guanacaste", canton:"Liberia", distrito:"Liberia")
Ubicacion.create(provincia:"Guanacaste", canton:"Liberia", distrito:"Cañas Dulces")
Ubicacion.create(provincia:"Guanacaste", canton:"Liberia", distrito:"Mayorga")
Ubicacion.create(provincia:"Guanacaste", canton:"Liberia", distrito:"Nacascolo")
Ubicacion.create(provincia:"Guanacaste", canton:"Liberia", distrito:"Curubandé")

Ubicacion.create(provincia:"Guanacaste", canton:"Nicoya", distrito:"Nicoya")
Ubicacion.create(provincia:"Guanacaste", canton:"Nicoya", distrito:"Mansión")
Ubicacion.create(provincia:"Guanacaste", canton:"Nicoya", distrito:"San Antonio")
Ubicacion.create(provincia:"Guanacaste", canton:"Nicoya", distrito:"Quebrada Honda")
Ubicacion.create(provincia:"Guanacaste", canton:"Nicoya", distrito:"Sámara")
Ubicacion.create(provincia:"Guanacaste", canton:"Nicoya", distrito:"Nosara")
Ubicacion.create(provincia:"Guanacaste", canton:"Nicoya", distrito:"Belén De Nosarita")

Ubicacion.create(provincia:"Guanacaste", canton:"Santa Cruz", distrito:"Santa Cruz")
Ubicacion.create(provincia:"Guanacaste", canton:"Santa Cruz", distrito:"Bolsón")
Ubicacion.create(provincia:"Guanacaste", canton:"Santa Cruz", distrito:"Veintisiete De Abril")
Ubicacion.create(provincia:"Guanacaste", canton:"Santa Cruz", distrito:"Tempate")
Ubicacion.create(provincia:"Guanacaste", canton:"Santa Cruz", distrito:"Cartagena")
Ubicacion.create(provincia:"Guanacaste", canton:"Santa Cruz", distrito:"Cuajiniquil")
Ubicacion.create(provincia:"Guanacaste", canton:"Santa Cruz", distrito:"Diriá")
Ubicacion.create(provincia:"Guanacaste", canton:"Santa Cruz", distrito:"Cabo Velas")
Ubicacion.create(provincia:"Guanacaste", canton:"Santa Cruz", distrito:"Tamarindo")

Ubicacion.create(provincia:"Guanacaste", canton:"Bagaces", distrito:"Bagaces")
Ubicacion.create(provincia:"Guanacaste", canton:"Bagaces", distrito:"La Fortuna")
Ubicacion.create(provincia:"Guanacaste", canton:"Bagaces", distrito:"Mogote")
Ubicacion.create(provincia:"Guanacaste", canton:"Bagaces", distrito:"Río Naranjo")

Ubicacion.create(provincia:"Guanacaste", canton:"Carrillo", distrito:"Filadelfia")
Ubicacion.create(provincia:"Guanacaste", canton:"Carrillo", distrito:"Palmira")
Ubicacion.create(provincia:"Guanacaste", canton:"Carrillo", distrito:"Sardinal")
Ubicacion.create(provincia:"Guanacaste", canton:"Carrillo", distrito:"Belén")

Ubicacion.create(provincia:"Guanacaste", canton:"Cañas", distrito:"Cañas")
Ubicacion.create(provincia:"Guanacaste", canton:"Cañas", distrito:"Palmira")
Ubicacion.create(provincia:"Guanacaste", canton:"Cañas", distrito:"San Miguel")
Ubicacion.create(provincia:"Guanacaste", canton:"Cañas", distrito:"Bebedero")
Ubicacion.create(provincia:"Guanacaste", canton:"Cañas", distrito:"Porozal")

Ubicacion.create(provincia:"Guanacaste", canton:"Abangares", distrito:"Las Juntas")
Ubicacion.create(provincia:"Guanacaste", canton:"Abangares", distrito:"Sierra")
Ubicacion.create(provincia:"Guanacaste", canton:"Abangares", distrito:"San Juan")
Ubicacion.create(provincia:"Guanacaste", canton:"Abangares", distrito:"Colorado")

Ubicacion.create(provincia:"Guanacaste", canton:"Tilarán", distrito:"Tilarán")
Ubicacion.create(provincia:"Guanacaste", canton:"Tilarán", distrito:"Quebrada Grande")
Ubicacion.create(provincia:"Guanacaste", canton:"Tilarán", distrito:"Tronadora")
Ubicacion.create(provincia:"Guanacaste", canton:"Tilarán", distrito:"Santa Rosa")
Ubicacion.create(provincia:"Guanacaste", canton:"Tilarán", distrito:"Líbano")
Ubicacion.create(provincia:"Guanacaste", canton:"Tilarán", distrito:"Tierras Morenas")
Ubicacion.create(provincia:"Guanacaste", canton:"Tilarán", distrito:"Arenal")

Ubicacion.create(provincia:"Guanacaste", canton:"Nandayure", distrito:"Carmona")
Ubicacion.create(provincia:"Guanacaste", canton:"Nandayure", distrito:"Santa Rita")
Ubicacion.create(provincia:"Guanacaste", canton:"Nandayure", distrito:"Zapotal")
Ubicacion.create(provincia:"Guanacaste", canton:"Nandayure", distrito:"San Pablo")
Ubicacion.create(provincia:"Guanacaste", canton:"Nandayure", distrito:"Porvenir")
Ubicacion.create(provincia:"Guanacaste", canton:"Nandayure", distrito:"Bejuco")

Ubicacion.create(provincia:"Guanacaste", canton:"La Cruz", distrito:"La Cruz")
Ubicacion.create(provincia:"Guanacaste", canton:"La Cruz", distrito:"Santa Cecilia")
Ubicacion.create(provincia:"Guanacaste", canton:"La Cruz", distrito:"La Garita")
Ubicacion.create(provincia:"Guanacaste", canton:"La Cruz", distrito:"Santa Elena")

Ubicacion.create(provincia:"Guanacaste", canton:"Hojancha", distrito:"Hojancha")
Ubicacion.create(provincia:"Guanacaste", canton:"Hojancha", distrito:"Monte Romo")
Ubicacion.create(provincia:"Guanacaste", canton:"Hojancha", distrito:"Puerto Carrillo")
Ubicacion.create(provincia:"Guanacaste", canton:"Hojancha", distrito:"Huacas")

Ubicacion.create(provincia:"Puntarenas", canton:"Puntarenas", distrito:"Puntarenas")
Ubicacion.create(provincia:"Puntarenas", canton:"Puntarenas", distrito:"Pitahaya")
Ubicacion.create(provincia:"Puntarenas", canton:"Puntarenas", distrito:"Chomes")
Ubicacion.create(provincia:"Puntarenas", canton:"Puntarenas", distrito:"Lepanto")
Ubicacion.create(provincia:"Puntarenas", canton:"Puntarenas", distrito:"Paquera")
Ubicacion.create(provincia:"Puntarenas", canton:"Puntarenas", distrito:"Manzanillo")
Ubicacion.create(provincia:"Puntarenas", canton:"Puntarenas", distrito:"Guacimal")
Ubicacion.create(provincia:"Puntarenas", canton:"Puntarenas", distrito:"Barranca")
Ubicacion.create(provincia:"Puntarenas", canton:"Puntarenas", distrito:"Monte Verde")
Ubicacion.create(provincia:"Puntarenas", canton:"Puntarenas", distrito:"Isla Del Coco")
Ubicacion.create(provincia:"Puntarenas", canton:"Puntarenas", distrito:"Cobano")
Ubicacion.create(provincia:"Puntarenas", canton:"Puntarenas", distrito:"Chacarita")
Ubicacion.create(provincia:"Puntarenas", canton:"Puntarenas", distrito:"Chira")
Ubicacion.create(provincia:"Puntarenas", canton:"Puntarenas", distrito:"Acapulco")
Ubicacion.create(provincia:"Puntarenas", canton:"Puntarenas", distrito:"El Roble")
Ubicacion.create(provincia:"Puntarenas", canton:"Puntarenas", distrito:"Arancibia")

Ubicacion.create(provincia:"Puntarenas", canton:"Esparza", distrito:"Espíritu Santo")
Ubicacion.create(provincia:"Puntarenas", canton:"Esparza", distrito:"San Juan Grande")
Ubicacion.create(provincia:"Puntarenas", canton:"Esparza", distrito:"Macacona")
Ubicacion.create(provincia:"Puntarenas", canton:"Esparza", distrito:"San Rafael")
Ubicacion.create(provincia:"Puntarenas", canton:"Esparza", distrito:"San Jerónimo")

Ubicacion.create(provincia:"Puntarenas", canton:"Buenos Aires", distrito:"Buenos Aires")
Ubicacion.create(provincia:"Puntarenas", canton:"Buenos Aires", distrito:"Volcán")
Ubicacion.create(provincia:"Puntarenas", canton:"Buenos Aires", distrito:"Potrero Grande")
Ubicacion.create(provincia:"Puntarenas", canton:"Buenos Aires", distrito:"Boruca")
Ubicacion.create(provincia:"Puntarenas", canton:"Buenos Aires", distrito:"Pilas")
Ubicacion.create(provincia:"Puntarenas", canton:"Buenos Aires", distrito:"Colinas")
Ubicacion.create(provincia:"Puntarenas", canton:"Buenos Aires", distrito:"Chánguena")
Ubicacion.create(provincia:"Puntarenas", canton:"Buenos Aires", distrito:"Biolley")
Ubicacion.create(provincia:"Puntarenas", canton:"Buenos Aires", distrito:"Brunka")

Ubicacion.create(provincia:"Puntarenas", canton:"Montes De Oro", distrito:"Miramar")
Ubicacion.create(provincia:"Puntarenas", canton:"Montes De Oro", distrito:"La Unión")
Ubicacion.create(provincia:"Puntarenas", canton:"Montes De Oro", distrito:"San Isidro")

Ubicacion.create(provincia:"Puntarenas", canton:"Osa", distrito:"Puerto Cortés")
Ubicacion.create(provincia:"Puntarenas", canton:"Osa", distrito:"Palmar")
Ubicacion.create(provincia:"Puntarenas", canton:"Osa", distrito:"Sierpe")
Ubicacion.create(provincia:"Puntarenas", canton:"Osa", distrito:"Bahía Ballena")
Ubicacion.create(provincia:"Puntarenas", canton:"Osa", distrito:"Piedras Blancas")
Ubicacion.create(provincia:"Puntarenas", canton:"Osa", distrito:"Bahía Drake")

Ubicacion.create(provincia:"Puntarenas", canton:"Aguirre", distrito:"Quepos")
Ubicacion.create(provincia:"Puntarenas", canton:"Aguirre", distrito:"Savegre")
Ubicacion.create(provincia:"Puntarenas", canton:"Aguirre", distrito:"Naranjito")

Ubicacion.create(provincia:"Puntarenas", canton:"Golfito", distrito:"Golfito")
Ubicacion.create(provincia:"Puntarenas", canton:"Golfito", distrito:"Puerto Jiménez")
Ubicacion.create(provincia:"Puntarenas", canton:"Golfito", distrito:"Guaycará")
Ubicacion.create(provincia:"Puntarenas", canton:"Golfito", distrito:"Pavón")

Ubicacion.create(provincia:"Puntarenas", canton:"Coto Brus", distrito:"San Vito")
Ubicacion.create(provincia:"Puntarenas", canton:"Coto Brus", distrito:"Sabalito")
Ubicacion.create(provincia:"Puntarenas", canton:"Coto Brus", distrito:"Agua Buena")
Ubicacion.create(provincia:"Puntarenas", canton:"Coto Brus", distrito:"Limoncito")
Ubicacion.create(provincia:"Puntarenas", canton:"Coto Brus", distrito:"Pittier")

Ubicacion.create(provincia:"Puntarenas", canton:"Parrita", distrito:"Parrita")

Ubicacion.create(provincia:"Puntarenas", canton:"Corredores", distrito:"Corredor")
Ubicacion.create(provincia:"Puntarenas", canton:"Corredores", distrito:"La Cuesta")
Ubicacion.create(provincia:"Puntarenas", canton:"Corredores", distrito:"Canoas")
Ubicacion.create(provincia:"Puntarenas", canton:"Corredores", distrito:"Laurel")

Ubicacion.create(provincia:"Puntarenas", canton:"Garabito", distrito:"Jacó")
Ubicacion.create(provincia:"Puntarenas", canton:"Garabito", distrito:"Tárcoles")

Ubicacion.create(provincia:"Limón", canton:"Limón", distrito:"Limón")
Ubicacion.create(provincia:"Limón", canton:"Limón", distrito:"Valle La Estrella")
Ubicacion.create(provincia:"Limón", canton:"Limón", distrito:"Río Blanco")
Ubicacion.create(provincia:"Limón", canton:"Limón", distrito:"Matama")

Ubicacion.create(provincia:"Limón", canton:"Pococí", distrito:"Guápiles")
Ubicacion.create(provincia:"Limón", canton:"Pococí", distrito:"Jiménez")
Ubicacion.create(provincia:"Limón", canton:"Pococí", distrito:"Rita")
Ubicacion.create(provincia:"Limón", canton:"Pococí", distrito:"Roxana")
Ubicacion.create(provincia:"Limón", canton:"Pococí", distrito:"Cariari")
Ubicacion.create(provincia:"Limón", canton:"Pococí", distrito:"Colorado")
Ubicacion.create(provincia:"Limón", canton:"Pococí", distrito:"La Colonia")

Ubicacion.create(provincia:"Limón", canton:"Siquirres", distrito:"Siquirres")
Ubicacion.create(provincia:"Limón", canton:"Siquirres", distrito:"Pacuarito")
Ubicacion.create(provincia:"Limón", canton:"Siquirres", distrito:"Florida")
Ubicacion.create(provincia:"Limón", canton:"Siquirres", distrito:"Germania")
Ubicacion.create(provincia:"Limón", canton:"Siquirres", distrito:"El Cairo")
Ubicacion.create(provincia:"Limón", canton:"Siquirres", distrito:"La Alegría")

Ubicacion.create(provincia:"Limón", canton:"Talamanca", distrito:"Bratsi")
Ubicacion.create(provincia:"Limón", canton:"Talamanca", distrito:"Sixaola")
Ubicacion.create(provincia:"Limón", canton:"Talamanca", distrito:"Cahuita")
Ubicacion.create(provincia:"Limón", canton:"Talamanca", distrito:"Telire")

Ubicacion.create(provincia:"Limón", canton:"Matina", distrito:"Matina")
Ubicacion.create(provincia:"Limón", canton:"Matina", distrito:"Batán")
Ubicacion.create(provincia:"Limón", canton:"Matina", distrito:"Carrandi")

Ubicacion.create(provincia:"Limón", canton:"Guácimo", distrito:"Guácimo")
Ubicacion.create(provincia:"Limón", canton:"Guácimo", distrito:"Mercedes")
Ubicacion.create(provincia:"Limón", canton:"Guácimo", distrito:"Pocora")
Ubicacion.create(provincia:"Limón", canton:"Guácimo", distrito:"Río Jiménez")
Ubicacion.create(provincia:"Limón", canton:"Guácimo", distrito:"Duacarí")


